,p_pi,p_tau_dist,p_tau_id
0,0.6104254004313248,"0.235426652077913
","0.295741635240627
"
1,0.15702903986139738,"0.184749811095651
","0.187760119405966
"
