,p_pi,p_tau_dist,p_tau_id
0,0.9029601825847958,"0.778129239244285
","0.783345749339125
"
1,0.589150449085673,"0.434603705244161
","0.442039832314618
"
